{
    "META": {
        "beta": 1,
        "gamma": 0.99,
        "N": 200
    },
    "kl_divs": [
        5.643904271852454,
        5.636663555318579,
        5.63124080457827,
        5.627145050360428,
        5.623972342601475,
        5.621450612456455,
        5.619402376388211,
        5.6177081923068135,
        5.616283136997676,
        5.615069712149436,
        5.614022777216251,
        5.613112384921315,
        5.612311663284498,
        5.6116033173070745,
        5.610970881353589,
        5.610403740226855,
        5.609893191975216,
        5.609429441342344,
        5.609007705158121,
        5.608621130591401,
        5.608266555193458,
        5.607939919453861,
        5.607638098961738,
        5.607357857652776,
        5.60709831222593,
        5.606855317812549,
        5.606628773227526,
        5.606416527306932,
        5.606217748289192,
        5.606031248318917
    ],
    "intended_prob": 