{
    "META": {
        "beta": 5,
        "gamma": 0.99,
        "N": 200
    },
    "kl_divs": [
        5.162739302213766,
        5.16590672627202,
        5.1674191291997955,
        5.168150966493836,
        5.168476665513494,
        5.168572100318047,
        5.168534674829832,
        5.168417346466713,
        5.168252866434826,
        5.168060530871085,
        5.167851922126219,
        5.1676356807183526,
        5.167416833816255,
        5.167199725260588,
        5.166984837545916,
        5.166776087144349,
        5.166571701560011,
        5.166373027410539,
        5.1661811930012185,
        5.165996527353867,
        5.165817313210211,
        5.165644062401355,
        5.165478003467331,
        5.165317221623475,
        5.165162657599978,
        5.1650122487746986,
        5.164868771552761,
        5.164729864556306,
        5.16459444083197,
        5.1644653393548525
    ],
    "intended_prob": 