{
    "META": {
        "beta": 3,
        "gamma": 0.99,
        "N": 200
    },
    "kl_divs": [
        6.276791930016849,
        6.276918735972576,
        6.2761713357622675,
        6.275200010890733,
        6.274212016791012,
        6.273272471895386,
        6.272405036863133,
        6.271610071509685,
        6.270884920110358,
        6.27022243540912,
        6.2696173519907745,
        6.269061432960047,
        6.268548655085149,
        6.268076784493263,
        6.267638696999707,
        6.267231693065424,
        6.266852952289843,
        6.26649874480827,
        6.26616721126551,
        6.265855547134211,
        6.265562284820615,
        6.265286062499938,
        6.265024489020468,
        6.264776560391335,
        6.264541504428985,
        6.26431805688921,
        6.264105430688702,
        6.263903198927436,
        6.2637100310522165,
        6.2635256640657015
    ],
    "intended_prob": 