{
    "META": {
        "beta": Infinity,
        "gamma": 0.99,
        "N": 200
    },
    "kl_divs": [
        6.4855239501858435,
        4.834356934066526,
        3.8629808119770472,
        3.237036884339054,
        2.803165194819977,
        2.485694693587794,
        2.243702225030241,
        2.053298188594667,
        1.8996589720414505,
        1.7731171511696528,
        1.667111004622914,
        1.5770308600964287,
        1.4995479174822233,
        1.4321986310475205,
        1.3731214819289062,
        1.3208819251062325,
        1.2743603200458846,
        1.2326683802122993,
        1.1950915573759506,
        1.161049967656615,
        1.130067779382757,
        1.1017503137771785,
        1.0757682254407772,
        1.0518454842178497,
        1.0297457660873497,
        1.0092678194750666,
        0.990241781545435,
        0.972516600917329,
        0.9559633815171338,
        0.940471396425157
    ],
    "intended_prob": 